{
  "name": "pelicula",
  "base": "PersistedModel",
  "idInjection": true,
  "options": {
    "validateUpsert": true
  },
  "properties": {
    "titulo": {
      "type": "string",
      "required": true
    },
    "director": {
      "type": "string",
      "required": true
    },
    "actor": {
      "type": "string",
      "required": true
    },
    "anio": {
      "type": "number",
      "required": true
    },
    "pais": {
      "type": "string",
      "required": true
    },
    "rating": {
      "type": "number",
      "required": true
    },
    "url": {
      "type": "string",
      "required": true
    }
  },
  "validations": [],
  "relations": {},
  "acls": [],
  "methods": {}
}
